<library path="lib/libfranka_teleop_lmt">  
  <class name="franka_teleop_lmt/CartesianPoseExampleController" type="franka_teleop_lmt::CartesianPoseExampleController" base_class_type="controller_interface::ControllerBase">
    <description>
      A controller that executes a short motion based on cartesian poses to demonstrate correct usage
    </description>
  </class>
  <class name="franka_teleop_lmt/CartesianVelocityExampleController" type="franka_teleop_lmt::CartesianVelocityExampleController" base_class_type="controller_interface::ControllerBase">
    <description>
      A controller that executes a short motion based on cartesian velocities to demonstrate correct usage
    </description>
  </class>  
  <class name="franka_teleop_lmt/CartesianImpedanceExampleController" type="franka_teleop_lmt::CartesianImpedanceExampleController" base_class_type="controller_interface::ControllerBase">
    <description>
      A controller that renders a spring damper system in cartesian space. Compliance parameters and the equilibrium pose can be modified online with dynamic reconfigure and an interactive marker respectively.
    </description>
  </class>
</library>
